<?xml version="1.0" encoding="utf-8" ?>
<WorkEditInfo docVersion="11">
 <WorkList washMixerState="true" parkingTube="9" cleanType="CleanAndRinse" washCapillaryState="true" acquisitionOrder="Row" quickCleanFrequency="96" limitConcentration="500" assayType="InCyte" doMixing="true" parkCapillary="true" mixPerWell="true">
  <Tray maxCol="12" maxTube="16" maxRow="8">
   <Well timeToAcquire="600" originalVolume="10" row="0" sampleID="A01" eventsToAcquire="5000" replicate="2" col="0" dilutionFactor="10" mixSpeed="High" autoSaveFCS="true" mixTime="3"/>
   <Well timeToAcquire="600" originalVolume="10" row="0" sampleID="A02" eventsToAcquire="5000" replicate="2" col="1" dilutionFactor="10" mixSpeed="High" autoSaveFCS="true" mixTime="3"/>
   <Well timeToAcquire="600" originalVolume="10" row="0" sampleID="A03" eventsToAcquire="5000" replicate="2" col="2" dilutionFactor="10" mixSpeed="High" autoSaveFCS="true" mixTime="3"/>
   <Well timeToAcquire="600" originalVolume="10" row="0" sampleID="A04" eventsToAcquire="5000" replicate="2" col="3" dilutionFactor="10" mixSpeed="High" autoSaveFCS="true" mixTime="3"/>
   <Well timeToAcquire="600" originalVolume="10" row="1" sampleID="B01" eventsToAcquire="5000" replicate="2" col="0" dilutionFactor="10" mixSpeed="High" autoSaveFCS="true" mixTime="3"/>
   <Well timeToAcquire="600" originalVolume="10" row="1" sampleID="B02" eventsToAcquire="5000" replicate="2" col="1" dilutionFactor="10" mixSpeed="High" autoSaveFCS="true" mixTime="3"/>
   <Well timeToAcquire="600" originalVolume="10" row="1" sampleID="B03" eventsToAcquire="5000" replicate="2" col="2" dilutionFactor="10" mixSpeed="High" autoSaveFCS="true" mixTime="3"/>
   <Well timeToAcquire="600" originalVolume="10" row="1" sampleID="B04" eventsToAcquire="5000" replicate="2" col="3" dilutionFactor="10" mixSpeed="High" autoSaveFCS="true" mixTime="3"/>
   <Well timeToAcquire="600" originalVolume="10" row="2" sampleID="C01" eventsToAcquire="5000" replicate="2" col="0" dilutionFactor="10" mixSpeed="High" autoSaveFCS="true" mixTime="3"/>
   <Well timeToAcquire="600" originalVolume="10" row="2" sampleID="C02" eventsToAcquire="5000" replicate="2" col="1" dilutionFactor="10" mixSpeed="High" autoSaveFCS="true" mixTime="3"/>
   <Well timeToAcquire="600" originalVolume="10" row="2" sampleID="C03" eventsToAcquire="5000" replicate="2" col="2" dilutionFactor="10" mixSpeed="High" autoSaveFCS="true" mixTime="3"/>
   <Well timeToAcquire="600" originalVolume="10" row="2" sampleID="C04" eventsToAcquire="5000" replicate="2" col="3" dilutionFactor="10" mixSpeed="High" autoSaveFCS="true" mixTime="3"/>
   <Well timeToAcquire="600" originalVolume="10" row="3" sampleID="D01" eventsToAcquire="5000" replicate="2" col="0" dilutionFactor="10" mixSpeed="High" autoSaveFCS="true" mixTime="3"/>
   <Well timeToAcquire="600" originalVolume="10" row="3" sampleID="D02" eventsToAcquire="5000" replicate="2" col="1" dilutionFactor="10" mixSpeed="High" autoSaveFCS="true" mixTime="3"/>
   <Well timeToAcquire="600" originalVolume="10" row="3" sampleID="D03" eventsToAcquire="5000" replicate="2" col="2" dilutionFactor="10" mixSpeed="High" autoSaveFCS="true" mixTime="3"/>
   <Well timeToAcquire="600" originalVolume="10" row="3" sampleID="D04" eventsToAcquire="5000" replicate="2" col="3" dilutionFactor="10" mixSpeed="High" autoSaveFCS="true" mixTime="3"/>
   <Well timeToAcquire="600" originalVolume="10" row="4" sampleID="E01" eventsToAcquire="5000" replicate="2" col="0" dilutionFactor="10" mixSpeed="High" autoSaveFCS="true" mixTime="3"/>
   <Well timeToAcquire="600" originalVolume="10" row="4" sampleID="E02" eventsToAcquire="5000" replicate="2" col="1" dilutionFactor="10" mixSpeed="High" autoSaveFCS="true" mixTime="3"/>
   <Well timeToAcquire="600" originalVolume="10" row="4" sampleID="E03" eventsToAcquire="5000" replicate="2" col="2" dilutionFactor="10" mixSpeed="High" autoSaveFCS="true" mixTime="3"/>
   <Well timeToAcquire="600" originalVolume="10" row="4" sampleID="E04" eventsToAcquire="5000" replicate="2" col="3" dilutionFactor="10" mixSpeed="High" autoSaveFCS="true" mixTime="3"/>
   <Well timeToAcquire="600" originalVolume="10" row="5" sampleID="F01" eventsToAcquire="5000" replicate="2" col="0" dilutionFactor="10" mixSpeed="High" autoSaveFCS="true" mixTime="3"/>
   <Well timeToAcquire="600" originalVolume="10" row="5" sampleID="F02" eventsToAcquire="5000" replicate="2" col="1" dilutionFactor="10" mixSpeed="High" autoSaveFCS="true" mixTime="3"/>
   <Well timeToAcquire="600" originalVolume="10" row="5" sampleID="F03" eventsToAcquire="5000" replicate="2" col="2" dilutionFactor="10" mixSpeed="High" autoSaveFCS="true" mixTime="3"/>
   <Well timeToAcquire="600" originalVolume="10" row="5" sampleID="F04" eventsToAcquire="5000" replicate="2" col="3" dilutionFactor="10" mixSpeed="High" autoSaveFCS="true" mixTime="3"/>
   <Well timeToAcquire="600" originalVolume="10" row="6" sampleID="G01" eventsToAcquire="5000" replicate="2" col="0" dilutionFactor="10" mixSpeed="High" autoSaveFCS="true" mixTime="3"/>
   <Well timeToAcquire="600" originalVolume="10" row="6" sampleID="G02" eventsToAcquire="5000" replicate="2" col="1" dilutionFactor="10" mixSpeed="High" autoSaveFCS="true" mixTime="3"/>
   <Well timeToAcquire="600" originalVolume="10" row="6" sampleID="G03" eventsToAcquire="5000" replicate="2" col="2" dilutionFactor="10" mixSpeed="High" autoSaveFCS="true" mixTime="3"/>
   <Well timeToAcquire="600" originalVolume="10" row="6" sampleID="G04" eventsToAcquire="5000" replicate="2" col="3" dilutionFactor="10" mixSpeed="High" autoSaveFCS="true" mixTime="3"/>
   <Well timeToAcquire="600" originalVolume="10" row="7" sampleID="H01" eventsToAcquire="5000" replicate="2" col="0" dilutionFactor="10" mixSpeed="High" autoSaveFCS="true" mixTime="3"/>
   <Well timeToAcquire="600" originalVolume="10" row="7" sampleID="H02" eventsToAcquire="5000" replicate="2" col="1" dilutionFactor="10" mixSpeed="High" autoSaveFCS="true" mixTime="3"/>
   <Well timeToAcquire="600" originalVolume="10" row="7" sampleID="H03" eventsToAcquire="5000" replicate="2" col="2" dilutionFactor="10" mixSpeed="High" autoSaveFCS="true" mixTime="3"/>
   <Well timeToAcquire="600" originalVolume="10" row="7" sampleID="H04" eventsToAcquire="5000" replicate="2" col="3" dilutionFactor="10" mixSpeed="High" autoSaveFCS="true" mixTime="3"/>
  </Tray>
 </WorkList>
</WorkEditInfo>
